holding_id,client_id,product_type,held,start_date,review_due_date,flagged_as_gap
PH0001,C0001,equity_portfolio,False,,,False
PH0002,C0001,fixed_income,False,,,False
PH0003,C0001,insurance_life,True,2020-03-23,2025-08-11,False
PH0004,C0001,insurance_protection,True,2024-09-21,2025-12-30,False
PH0005,C0001,estate_plan,False,,,False
PH0006,C0001,tax_wrapper_isa,False,,,False
PH0007,C0001,tax_wrapper_pension,True,2022-05-07,2026-05-19,False
PH0008,C0001,mortgage,False,,,False
PH0009,C0001,trust,True,2019-08-01,2025-10-22,False
PH0010,C0001,cash_savings,True,2023-10-15,2025-06-22,False
PH0011,C0002,equity_portfolio,False,,,False
PH0012,C0002,fixed_income,False,,,False
PH0013,C0002,insurance_life,True,2025-03-10,2025-11-07,False
PH0014,C0002,insurance_protection,False,,,True
PH0015,C0002,estate_plan,True,2021-09-10,2026-03-17,False
PH0016,C0002,tax_wrapper_isa,False,,,True
PH0017,C0002,tax_wrapper_pension,True,2023-10-10,2025-09-13,False
PH0018,C0002,mortgage,True,2020-11-24,2025-11-22,False
PH0019,C0002,trust,True,2022-08-08,2025-07-15,False
PH0020,C0002,cash_savings,False,,,False
PH0021,C0003,equity_portfolio,False,,,False
PH0022,C0003,fixed_income,False,,,False
PH0023,C0003,insurance_life,True,2004-06-13,2025-06-09,False
PH0024,C0003,insurance_protection,False,,,True
PH0025,C0003,estate_plan,True,2019-06-17,2026-08-09,False
PH0026,C0003,tax_wrapper_isa,False,,,True
PH0027,C0003,tax_wrapper_pension,True,2020-04-21,2026-01-15,False
PH0028,C0003,mortgage,False,,,False
PH0029,C0003,trust,False,,,False
PH0030,C0003,cash_savings,False,,,False
PH0031,C0004,equity_portfolio,True,2024-10-06,2026-08-18,False
PH0032,C0004,fixed_income,True,2016-07-01,2026-06-15,False
PH0033,C0004,insurance_life,True,2022-09-22,2026-02-05,False
PH0034,C0004,insurance_protection,False,,,False
PH0035,C0004,estate_plan,False,,,False
PH0036,C0004,tax_wrapper_isa,True,2016-07-27,2026-10-23,False
PH0037,C0004,tax_wrapper_pension,False,,,False
PH0038,C0004,mortgage,True,2025-12-02,2026-06-23,False
PH0039,C0004,trust,True,2017-07-03,2025-11-13,False
PH0040,C0004,cash_savings,True,2015-09-09,2025-07-22,False
PH0041,C0005,equity_portfolio,True,2023-04-13,2025-12-23,False
PH0042,C0005,fixed_income,True,2025-07-02,2026-05-12,False
PH0043,C0005,insurance_life,False,,,False
PH0044,C0005,insurance_protection,True,2022-10-21,2026-05-21,False
PH0045,C0005,estate_plan,True,2021-10-12,2025-12-10,False
PH0046,C0005,tax_wrapper_isa,True,2024-03-06,2026-03-04,False
PH0047,C0005,tax_wrapper_pension,True,2025-04-16,2026-11-29,False
PH0048,C0005,mortgage,True,2023-08-12,2026-10-16,False
PH0049,C0005,trust,False,,,False
PH0050,C0005,cash_savings,True,2022-12-28,2025-10-21,False
PH0051,C0006,equity_portfolio,False,,,False
PH0052,C0006,fixed_income,False,,,False
PH0053,C0006,insurance_life,False,,,False
PH0054,C0006,insurance_protection,True,2011-02-13,2026-08-22,False
PH0055,C0006,estate_plan,False,,,False
PH0056,C0006,tax_wrapper_isa,True,2017-06-20,2025-10-24,False
PH0057,C0006,tax_wrapper_pension,False,,,False
PH0058,C0006,mortgage,False,,,False
PH0059,C0006,trust,True,2021-04-30,2026-01-28,False
PH0060,C0006,cash_savings,False,,,False
PH0061,C0007,equity_portfolio,False,,,False
PH0062,C0007,fixed_income,False,,,False
PH0063,C0007,insurance_life,False,,,False
PH0064,C0007,insurance_protection,False,,,False
PH0065,C0007,estate_plan,False,,,True
PH0066,C0007,tax_wrapper_isa,False,,,False
PH0067,C0007,tax_wrapper_pension,False,,,False
PH0068,C0007,mortgage,False,,,False
PH0069,C0007,trust,False,,,False
PH0070,C0007,cash_savings,True,2026-04-17,2025-11-05,False
PH0071,C0008,equity_portfolio,True,2025-11-09,2025-08-25,False
PH0072,C0008,fixed_income,False,,,False
PH0073,C0008,insurance_life,False,,,False
PH0074,C0008,insurance_protection,True,2025-07-12,2026-06-02,False
PH0075,C0008,estate_plan,True,2025-05-09,2026-01-26,False
PH0076,C0008,tax_wrapper_isa,True,2025-06-09,2026-02-15,False
PH0077,C0008,tax_wrapper_pension,True,2026-05-19,2025-09-26,False
PH0078,C0008,mortgage,False,,,False
PH0079,C0008,trust,True,2026-04-04,2025-10-28,False
PH0080,C0008,cash_savings,True,2026-04-09,2026-09-28,False
PH0081,C0009,equity_portfolio,True,2026-01-29,2026-02-03,False
PH0082,C0009,fixed_income,False,,,False
PH0083,C0009,insurance_life,False,,,True
PH0084,C0009,insurance_protection,False,,,False
PH0085,C0009,estate_plan,True,2026-05-08,2025-06-25,False
PH0086,C0009,tax_wrapper_isa,True,2025-12-09,2025-07-25,False
PH0087,C0009,tax_wrapper_pension,True,2026-05-28,2025-06-11,False
PH0088,C0009,mortgage,True,2025-12-27,2025-08-14,False
PH0089,C0009,trust,True,2026-02-18,2025-06-16,False
PH0090,C0009,cash_savings,True,2026-03-09,2026-09-26,False
PH0091,C0010,equity_portfolio,False,,,False
PH0092,C0010,fixed_income,True,2022-10-30,2026-08-04,False
PH0093,C0010,insurance_life,False,,,True
PH0094,C0010,insurance_protection,True,2024-01-15,2026-01-29,False
PH0095,C0010,estate_plan,False,,,False
PH0096,C0010,tax_wrapper_isa,True,2024-02-11,2026-02-26,False
PH0097,C0010,tax_wrapper_pension,False,,,False
PH0098,C0010,mortgage,False,,,False
PH0099,C0010,trust,True,2024-04-24,2026-06-02,False
PH0100,C0010,cash_savings,True,2025-04-24,2025-11-02,False
PH0101,C0011,equity_portfolio,False,,,False
PH0102,C0011,fixed_income,False,,,False
PH0103,C0011,insurance_life,False,,,True
PH0104,C0011,insurance_protection,True,2024-03-31,2025-08-25,False
PH0105,C0011,estate_plan,True,2024-12-14,2025-08-30,False
PH0106,C0011,tax_wrapper_isa,False,,,True
PH0107,C0011,tax_wrapper_pension,True,2020-02-25,2026-10-19,False
PH0108,C0011,mortgage,True,2021-06-08,2026-10-13,False
PH0109,C0011,trust,True,2024-02-05,2026-01-18,False
PH0110,C0011,cash_savings,True,2023-02-16,2025-10-27,False
PH0111,C0012,equity_portfolio,False,,,False
PH0112,C0012,fixed_income,True,2025-03-29,2026-08-02,False
PH0113,C0012,insurance_life,True,2025-11-13,2026-09-01,False
PH0114,C0012,insurance_protection,True,2023-07-02,2025-11-21,False
PH0115,C0012,estate_plan,True,2023-07-30,2025-11-09,False
PH0116,C0012,tax_wrapper_isa,False,,,False
PH0117,C0012,tax_wrapper_pension,True,2023-10-17,2026-02-03,False
PH0118,C0012,mortgage,False,,,False
PH0119,C0012,trust,True,2026-03-22,2026-03-30,False
PH0120,C0012,cash_savings,True,2024-06-15,2026-05-31,False
PH0121,C0013,equity_portfolio,True,2026-01-28,2025-12-05,False
PH0122,C0013,fixed_income,True,2026-05-29,2025-07-25,False
PH0123,C0013,insurance_life,True,2025-12-20,2025-10-05,False
PH0124,C0013,insurance_protection,True,2025-10-05,2026-11-02,False
PH0125,C0013,estate_plan,True,2026-01-06,2025-06-28,False
PH0126,C0013,tax_wrapper_isa,False,,,False
PH0127,C0013,tax_wrapper_pension,True,2025-12-23,2026-01-31,False
PH0128,C0013,mortgage,True,2026-05-10,2025-12-01,False
PH0129,C0013,trust,True,2026-04-22,2026-03-03,False
PH0130,C0013,cash_savings,False,,,False
PH0131,C0014,equity_portfolio,True,2019-11-05,2026-03-17,False
PH0132,C0014,fixed_income,True,2016-01-28,2025-08-10,False
PH0133,C0014,insurance_life,False,,,False
PH0134,C0014,insurance_protection,True,2014-11-20,2026-07-25,False
PH0135,C0014,estate_plan,True,2015-08-22,2026-03-22,False
PH0136,C0014,tax_wrapper_isa,False,,,True
PH0137,C0014,tax_wrapper_pension,True,2019-11-17,2026-08-26,False
PH0138,C0014,mortgage,True,2019-07-30,2026-09-30,False
PH0139,C0014,trust,True,2021-03-30,2026-04-29,False
PH0140,C0014,cash_savings,True,2022-10-17,2025-12-16,False
PH0141,C0015,equity_portfolio,True,2017-04-05,2025-10-04,False
PH0142,C0015,fixed_income,False,,,False
PH0143,C0015,insurance_life,True,2024-08-22,2026-05-31,False
PH0144,C0015,insurance_protection,True,2015-02-17,2025-09-25,False
PH0145,C0015,estate_plan,False,,,False
PH0146,C0015,tax_wrapper_isa,True,2015-01-13,2026-02-16,False
PH0147,C0015,tax_wrapper_pension,True,2008-03-02,2025-12-14,False
PH0148,C0015,mortgage,True,2014-07-22,2026-08-02,False
PH0149,C0015,trust,False,,,False
PH0150,C0015,cash_savings,False,,,False
PH0151,C0016,equity_portfolio,False,,,False
PH0152,C0016,fixed_income,True,2024-07-30,2025-09-20,False
PH0153,C0016,insurance_life,False,,,True
PH0154,C0016,insurance_protection,False,,,True
PH0155,C0016,estate_plan,False,,,True
PH0156,C0016,tax_wrapper_isa,True,2025-08-30,2026-03-12,False
PH0157,C0016,tax_wrapper_pension,False,,,False
PH0158,C0016,mortgage,False,,,False
PH0159,C0016,trust,False,,,False
PH0160,C0016,cash_savings,False,,,False
PH0161,C0017,equity_portfolio,False,,,False
PH0162,C0017,fixed_income,False,,,False
PH0163,C0017,insurance_life,True,2024-12-05,2025-12-15,False
PH0164,C0017,insurance_protection,False,,,False
PH0165,C0017,estate_plan,True,2025-08-29,2026-01-26,False
PH0166,C0017,tax_wrapper_isa,True,2026-02-06,2025-12-27,False
PH0167,C0017,tax_wrapper_pension,True,2026-05-20,2026-01-26,False
PH0168,C0017,mortgage,False,,,False
PH0169,C0017,trust,True,2024-07-18,2026-07-12,False
PH0170,C0017,cash_savings,True,2025-02-15,2025-08-04,False
PH0171,C0018,equity_portfolio,False,,,False
PH0172,C0018,fixed_income,True,2018-04-13,2026-11-29,False
PH0173,C0018,insurance_life,True,2004-06-20,2026-02-22,False
PH0174,C0018,insurance_protection,True,2021-02-23,2026-01-12,False
PH0175,C0018,estate_plan,True,2006-07-06,2025-07-24,False
PH0176,C0018,tax_wrapper_isa,True,2019-08-23,2026-04-27,False
PH0177,C0018,tax_wrapper_pension,False,,,False
PH0178,C0018,mortgage,False,,,False
PH0179,C0018,trust,False,,,False
PH0180,C0018,cash_savings,False,,,False
PH0181,C0019,equity_portfolio,False,,,False
PH0182,C0019,fixed_income,True,2020-12-06,2026-01-23,False
PH0183,C0019,insurance_life,True,2017-01-15,2025-09-13,False
PH0184,C0019,insurance_protection,True,2021-04-07,2026-02-12,False
PH0185,C0019,estate_plan,True,2017-04-20,2026-11-05,False
PH0186,C0019,tax_wrapper_isa,False,,,False
PH0187,C0019,tax_wrapper_pension,False,,,False
PH0188,C0019,mortgage,False,,,False
PH0189,C0019,trust,False,,,False
PH0190,C0019,cash_savings,False,,,False
PH0191,C0020,equity_portfolio,True,2024-11-11,2026-07-09,False
PH0192,C0020,fixed_income,True,2025-12-09,2025-12-22,False
PH0193,C0020,insurance_life,True,2024-11-27,2026-05-14,False
PH0194,C0020,insurance_protection,False,,,True
PH0195,C0020,estate_plan,True,2023-03-31,2026-03-29,False
PH0196,C0020,tax_wrapper_isa,True,2025-12-05,2026-08-04,False
PH0197,C0020,tax_wrapper_pension,True,2023-09-30,2026-09-12,False
PH0198,C0020,mortgage,False,,,False
PH0199,C0020,trust,False,,,False
PH0200,C0020,cash_savings,False,,,False
PH0201,C0021,equity_portfolio,False,,,False
PH0202,C0021,fixed_income,False,,,False
PH0203,C0021,insurance_life,False,,,False
PH0204,C0021,insurance_protection,True,2019-07-28,2026-08-19,False
PH0205,C0021,estate_plan,True,2018-04-07,2026-07-31,False
PH0206,C0021,tax_wrapper_isa,False,,,True
PH0207,C0021,tax_wrapper_pension,False,,,False
PH0208,C0021,mortgage,True,2025-06-28,2026-09-15,False
PH0209,C0021,trust,False,,,False
PH0210,C0021,cash_savings,False,,,False
PH0211,C0022,equity_portfolio,False,,,False
PH0212,C0022,fixed_income,False,,,False
PH0213,C0022,insurance_life,False,,,True
PH0214,C0022,insurance_protection,True,2015-01-12,2025-06-28,False
PH0215,C0022,estate_plan,False,,,False
PH0216,C0022,tax_wrapper_isa,True,2016-01-20,2026-08-31,False
PH0217,C0022,tax_wrapper_pension,False,,,False
PH0218,C0022,mortgage,True,2021-04-08,2025-09-15,False
PH0219,C0022,trust,False,,,False
PH0220,C0022,cash_savings,True,2019-12-23,2025-11-04,False
PH0221,C0023,equity_portfolio,False,,,False
PH0222,C0023,fixed_income,True,2026-01-14,2026-07-28,False
PH0223,C0023,insurance_life,False,,,True
PH0224,C0023,insurance_protection,False,,,True
PH0225,C0023,estate_plan,False,,,True
PH0226,C0023,tax_wrapper_isa,False,,,False
PH0227,C0023,tax_wrapper_pension,True,2026-05-30,2026-01-11,False
PH0228,C0023,mortgage,False,,,False
PH0229,C0023,trust,False,,,False
PH0230,C0023,cash_savings,False,,,False
PH0231,C0024,equity_portfolio,False,,,False
PH0232,C0024,fixed_income,True,2022-03-28,2025-12-30,False
PH0233,C0024,insurance_life,True,2019-06-02,2026-08-06,False
PH0234,C0024,insurance_protection,True,2015-05-21,2025-08-19,False
PH0235,C0024,estate_plan,True,2021-05-30,2025-09-17,False
PH0236,C0024,tax_wrapper_isa,False,,,True
PH0237,C0024,tax_wrapper_pension,True,2024-02-05,2026-11-24,False
PH0238,C0024,mortgage,False,,,False
PH0239,C0024,trust,True,2026-04-23,2025-10-01,False
PH0240,C0024,cash_savings,False,,,False
PH0241,C0025,equity_portfolio,False,,,False
PH0242,C0025,fixed_income,False,,,False
PH0243,C0025,insurance_life,False,,,False
PH0244,C0025,insurance_protection,True,2017-06-19,2026-07-30,False
PH0245,C0025,estate_plan,False,,,False
PH0246,C0025,tax_wrapper_isa,False,,,True
PH0247,C0025,tax_wrapper_pension,False,,,False
PH0248,C0025,mortgage,False,,,False
PH0249,C0025,trust,False,,,False
PH0250,C0025,cash_savings,False,,,False
PH0251,C0026,equity_portfolio,False,,,False
PH0252,C0026,fixed_income,False,,,False
PH0253,C0026,insurance_life,True,2022-07-21,2026-07-17,False
PH0254,C0026,insurance_protection,False,,,False
PH0255,C0026,estate_plan,False,,,False
PH0256,C0026,tax_wrapper_isa,True,2024-07-17,2025-11-08,False
PH0257,C0026,tax_wrapper_pension,False,,,False
PH0258,C0026,mortgage,False,,,False
PH0259,C0026,trust,False,,,False
PH0260,C0026,cash_savings,True,2024-12-01,2025-10-17,False
PH0261,C0027,equity_portfolio,True,2024-03-28,2026-07-01,False
PH0262,C0027,fixed_income,True,2021-09-15,2026-10-18,False
PH0263,C0027,insurance_life,True,2021-09-22,2026-01-26,False
PH0264,C0027,insurance_protection,True,2020-10-13,2026-01-25,False
PH0265,C0027,estate_plan,False,,,False
PH0266,C0027,tax_wrapper_isa,True,2017-06-27,2026-07-21,False
PH0267,C0027,tax_wrapper_pension,True,2022-04-16,2026-06-08,False
PH0268,C0027,mortgage,True,2017-11-22,2025-06-13,False
PH0269,C0027,trust,True,2018-04-26,2025-09-28,False
PH0270,C0027,cash_savings,True,2023-07-31,2026-01-26,False
PH0271,C0028,equity_portfolio,False,,,False
PH0272,C0028,fixed_income,True,2014-10-28,2025-08-10,False
PH0273,C0028,insurance_life,True,2015-12-24,2025-10-16,False
PH0274,C0028,insurance_protection,True,2023-02-26,2025-06-16,False
PH0275,C0028,estate_plan,False,,,False
PH0276,C0028,tax_wrapper_isa,True,2025-08-28,2026-10-31,False
PH0277,C0028,tax_wrapper_pension,True,2024-09-04,2026-07-20,False
PH0278,C0028,mortgage,True,2024-03-20,2025-11-29,False
PH0279,C0028,trust,True,2014-03-04,2026-08-02,False
PH0280,C0028,cash_savings,True,2013-07-13,2025-11-26,False
PH0281,C0029,equity_portfolio,False,,,False
PH0282,C0029,fixed_income,True,2025-03-03,2025-06-30,False
PH0283,C0029,insurance_life,True,2023-01-12,2026-04-08,False
PH0284,C0029,insurance_protection,True,2024-03-14,2026-08-21,False
PH0285,C0029,estate_plan,True,2025-12-06,2026-08-01,False
PH0286,C0029,tax_wrapper_isa,False,,,False
PH0287,C0029,tax_wrapper_pension,False,,,False
PH0288,C0029,mortgage,False,,,False
PH0289,C0029,trust,True,2023-01-20,2026-07-22,False
PH0290,C0029,cash_savings,False,,,False
PH0291,C0030,equity_portfolio,False,,,False
PH0292,C0030,fixed_income,True,2018-12-06,2026-11-28,False
PH0293,C0030,insurance_life,True,2017-12-20,2025-12-23,False
PH0294,C0030,insurance_protection,False,,,False
PH0295,C0030,estate_plan,False,,,False
PH0296,C0030,tax_wrapper_isa,True,2016-09-07,2025-12-12,False
PH0297,C0030,tax_wrapper_pension,False,,,False
PH0298,C0030,mortgage,False,,,False
PH0299,C0030,trust,True,2023-02-13,2026-02-19,False
PH0300,C0030,cash_savings,False,,,False
PH0301,C0031,equity_portfolio,True,2021-08-07,2026-04-03,False
PH0302,C0031,fixed_income,True,2016-05-02,2026-04-22,False
PH0303,C0031,insurance_life,False,,,False
PH0304,C0031,insurance_protection,False,,,False
PH0305,C0031,estate_plan,False,,,False
PH0306,C0031,tax_wrapper_isa,False,,,False
PH0307,C0031,tax_wrapper_pension,True,2018-11-08,2026-04-07,False
PH0308,C0031,mortgage,True,2012-09-16,2025-10-18,False
PH0309,C0031,trust,False,,,False
PH0310,C0031,cash_savings,False,,,False
PH0311,C0032,equity_portfolio,True,2023-10-06,2025-10-27,False
PH0312,C0032,fixed_income,False,,,False
PH0313,C0032,insurance_life,True,2025-12-12,2026-02-16,False
PH0314,C0032,insurance_protection,False,,,True
PH0315,C0032,estate_plan,False,,,False
PH0316,C0032,tax_wrapper_isa,False,,,False
PH0317,C0032,tax_wrapper_pension,True,2022-03-04,2026-10-18,False
PH0318,C0032,mortgage,True,2025-12-07,2025-09-29,False
PH0319,C0032,trust,False,,,False
PH0320,C0032,cash_savings,True,2022-05-16,2026-09-05,False
PH0321,C0033,equity_portfolio,False,,,False
PH0322,C0033,fixed_income,True,2024-07-28,2025-07-21,False
PH0323,C0033,insurance_life,True,2023-04-28,2025-06-18,False
PH0324,C0033,insurance_protection,True,2023-10-29,2026-08-18,False
PH0325,C0033,estate_plan,True,2023-02-27,2026-01-12,False
PH0326,C0033,tax_wrapper_isa,False,,,True
PH0327,C0033,tax_wrapper_pension,True,2023-06-10,2025-10-26,False
PH0328,C0033,mortgage,True,2024-03-02,2025-09-15,False
PH0329,C0033,trust,True,2023-11-19,2026-05-14,False
PH0330,C0033,cash_savings,False,,,False
PH0331,C0034,equity_portfolio,True,2024-03-29,2025-09-23,False
PH0332,C0034,fixed_income,True,2010-07-22,2025-11-24,False
PH0333,C0034,insurance_life,True,2024-07-16,2025-06-30,False
PH0334,C0034,insurance_protection,False,,,True
PH0335,C0034,estate_plan,False,,,False
PH0336,C0034,tax_wrapper_isa,False,,,False
PH0337,C0034,tax_wrapper_pension,True,2013-08-10,2026-05-07,False
PH0338,C0034,mortgage,False,,,False
PH0339,C0034,trust,True,2018-10-09,2026-04-27,False
PH0340,C0034,cash_savings,True,2023-10-18,2026-01-15,False
PH0341,C0035,equity_portfolio,True,2025-05-26,2026-05-01,False
PH0342,C0035,fixed_income,True,2025-05-21,2025-12-01,False
PH0343,C0035,insurance_life,True,2024-11-22,2026-10-10,False
PH0344,C0035,insurance_protection,True,2024-10-11,2025-11-07,False
PH0345,C0035,estate_plan,True,2026-02-11,2025-12-17,False
PH0346,C0035,tax_wrapper_isa,False,,,True
PH0347,C0035,tax_wrapper_pension,True,2022-01-30,2026-07-24,False
PH0348,C0035,mortgage,True,2023-05-09,2025-12-02,False
PH0349,C0035,trust,True,2024-01-29,2026-11-27,False
PH0350,C0035,cash_savings,True,2023-08-26,2026-09-10,False
PH0351,C0036,equity_portfolio,True,2020-03-20,2025-06-25,False
PH0352,C0036,fixed_income,True,2018-05-04,2025-09-28,False
PH0353,C0036,insurance_life,False,,,True
PH0354,C0036,insurance_protection,False,,,True
PH0355,C0036,estate_plan,True,2012-03-28,2025-08-03,False
PH0356,C0036,tax_wrapper_isa,True,2020-03-03,2025-09-19,False
PH0357,C0036,tax_wrapper_pension,True,2014-11-27,2026-02-18,False
PH0358,C0036,mortgage,True,2019-03-21,2025-07-29,False
PH0359,C0036,trust,False,,,False
PH0360,C0036,cash_savings,True,2017-05-19,2026-11-26,False
PH0361,C0037,equity_portfolio,True,2022-10-15,2025-06-30,False
PH0362,C0037,fixed_income,True,2021-08-03,2025-10-27,False
PH0363,C0037,insurance_life,False,,,False
PH0364,C0037,insurance_protection,True,2025-10-11,2026-10-12,False
PH0365,C0037,estate_plan,False,,,False
PH0366,C0037,tax_wrapper_isa,True,2022-02-05,2026-10-28,False
PH0367,C0037,tax_wrapper_pension,True,2025-01-21,2026-11-05,False
PH0368,C0037,mortgage,False,,,False
PH0369,C0037,trust,False,,,False
PH0370,C0037,cash_savings,True,2025-04-16,2026-02-16,False
PH0371,C0038,equity_portfolio,False,,,False
PH0372,C0038,fixed_income,False,,,False
PH0373,C0038,insurance_life,False,,,False
PH0374,C0038,insurance_protection,True,2026-05-16,2026-10-22,False
PH0375,C0038,estate_plan,True,2025-09-23,2025-07-05,False
PH0376,C0038,tax_wrapper_isa,True,2025-11-07,2026-02-21,False
PH0377,C0038,tax_wrapper_pension,False,,,False
PH0378,C0038,mortgage,False,,,False
PH0379,C0038,trust,True,2026-04-23,2026-04-19,False
PH0380,C0038,cash_savings,False,,,False
PH0381,C0039,equity_portfolio,True,2004-08-13,2026-03-01,False
PH0382,C0039,fixed_income,False,,,False
PH0383,C0039,insurance_life,False,,,False
PH0384,C0039,insurance_protection,False,,,False
PH0385,C0039,estate_plan,True,2026-03-06,2026-07-05,False
PH0386,C0039,tax_wrapper_isa,True,2012-11-07,2025-11-29,False
PH0387,C0039,tax_wrapper_pension,False,,,False
PH0388,C0039,mortgage,False,,,False
PH0389,C0039,trust,False,,,False
PH0390,C0039,cash_savings,True,2015-05-03,2026-11-22,False
PH0391,C0040,equity_portfolio,True,2009-03-06,2026-04-05,False
PH0392,C0040,fixed_income,False,,,False
PH0393,C0040,insurance_life,False,,,False
PH0394,C0040,insurance_protection,True,2010-06-05,2026-08-26,False
PH0395,C0040,estate_plan,True,2012-12-09,2026-09-26,False
PH0396,C0040,tax_wrapper_isa,True,2024-03-04,2026-10-15,False
PH0397,C0040,tax_wrapper_pension,True,2019-10-12,2026-04-24,False
PH0398,C0040,mortgage,True,2018-02-16,2026-02-15,False
PH0399,C0040,trust,True,2023-11-02,2026-08-07,False
PH0400,C0040,cash_savings,True,2024-11-18,2025-12-15,False
PH0401,C0041,equity_portfolio,False,,,False
PH0402,C0041,fixed_income,True,2023-06-30,2025-11-04,False
PH0403,C0041,insurance_life,True,2025-06-26,2026-09-16,False
PH0404,C0041,insurance_protection,False,,,True
PH0405,C0041,estate_plan,False,,,False
PH0406,C0041,tax_wrapper_isa,False,,,False
PH0407,C0041,tax_wrapper_pension,False,,,False
PH0408,C0041,mortgage,True,2022-07-01,2026-01-23,False
PH0409,C0041,trust,False,,,False
PH0410,C0041,cash_savings,False,,,False
PH0411,C0042,equity_portfolio,False,,,False
PH0412,C0042,fixed_income,True,2025-06-16,2026-07-01,False
PH0413,C0042,insurance_life,True,2025-04-14,2025-10-08,False
PH0414,C0042,insurance_protection,False,,,True
PH0415,C0042,estate_plan,True,2024-09-06,2026-07-09,False
PH0416,C0042,tax_wrapper_isa,True,2025-11-25,2026-05-07,False
PH0417,C0042,tax_wrapper_pension,True,2025-02-28,2025-12-07,False
PH0418,C0042,mortgage,True,2024-07-16,2025-09-17,False
PH0419,C0042,trust,False,,,False
PH0420,C0042,cash_savings,False,,,False
PH0421,C0043,equity_portfolio,False,,,False
PH0422,C0043,fixed_income,False,,,False
PH0423,C0043,insurance_life,False,,,False
PH0424,C0043,insurance_protection,False,,,True
PH0425,C0043,estate_plan,False,,,False
PH0426,C0043,tax_wrapper_isa,True,2015-05-03,2025-10-30,False
PH0427,C0043,tax_wrapper_pension,True,2016-12-20,2026-01-01,False
PH0428,C0043,mortgage,False,,,False
PH0429,C0043,trust,True,2019-02-26,2025-07-16,False
PH0430,C0043,cash_savings,True,2023-06-20,2026-07-28,False
PH0431,C0044,equity_portfolio,False,,,False
PH0432,C0044,fixed_income,True,2025-07-29,2026-04-05,False
PH0433,C0044,insurance_life,True,2023-03-25,2025-10-24,False
PH0434,C0044,insurance_protection,False,,,False
PH0435,C0044,estate_plan,True,2021-09-14,2026-05-13,False
PH0436,C0044,tax_wrapper_isa,True,2025-01-21,2026-06-17,False
PH0437,C0044,tax_wrapper_pension,False,,,False
PH0438,C0044,mortgage,False,,,False
PH0439,C0044,trust,True,2020-04-06,2026-05-13,False
PH0440,C0044,cash_savings,True,2022-12-06,2026-10-28,False
PH0441,C0045,equity_portfolio,False,,,False
PH0442,C0045,fixed_income,True,2023-04-04,2025-07-14,False
PH0443,C0045,insurance_life,False,,,True
PH0444,C0045,insurance_protection,False,,,True
PH0445,C0045,estate_plan,False,,,False
PH0446,C0045,tax_wrapper_isa,True,2026-04-28,2026-08-29,False
PH0447,C0045,tax_wrapper_pension,False,,,False
PH0448,C0045,mortgage,False,,,False
PH0449,C0045,trust,False,,,False
PH0450,C0045,cash_savings,True,2026-04-04,2025-09-09,False
PH0451,C0046,equity_portfolio,True,2024-11-19,2025-07-30,False
PH0452,C0046,fixed_income,False,,,False
PH0453,C0046,insurance_life,False,,,False
PH0454,C0046,insurance_protection,False,,,False
PH0455,C0046,estate_plan,False,,,True
PH0456,C0046,tax_wrapper_isa,True,2008-11-03,2025-09-19,False
PH0457,C0046,tax_wrapper_pension,True,2024-07-02,2026-05-09,False
PH0458,C0046,mortgage,True,2014-12-17,2025-09-24,False
PH0459,C0046,trust,True,2024-03-10,2026-07-09,False
PH0460,C0046,cash_savings,True,2018-06-15,2026-05-15,False
PH0461,C0047,equity_portfolio,True,2025-02-26,2025-09-19,False
PH0462,C0047,fixed_income,True,2009-11-12,2025-09-28,False
PH0463,C0047,insurance_life,False,,,False
PH0464,C0047,insurance_protection,True,2022-05-29,2026-11-18,False
PH0465,C0047,estate_plan,True,2014-04-17,2025-11-23,False
PH0466,C0047,tax_wrapper_isa,False,,,False
PH0467,C0047,tax_wrapper_pension,True,2022-04-16,2025-12-06,False
PH0468,C0047,mortgage,True,2022-02-21,2026-07-18,False
PH0469,C0047,trust,False,,,False
PH0470,C0047,cash_savings,False,,,False
PH0471,C0048,equity_portfolio,True,2024-03-18,2025-07-18,False
PH0472,C0048,fixed_income,False,,,False
PH0473,C0048,insurance_life,True,2023-02-26,2026-11-16,False
PH0474,C0048,insurance_protection,False,,,False
PH0475,C0048,estate_plan,True,2020-09-19,2026-07-05,False
PH0476,C0048,tax_wrapper_isa,False,,,True
PH0477,C0048,tax_wrapper_pension,True,2026-05-19,2026-10-03,False
PH0478,C0048,mortgage,False,,,False
PH0479,C0048,trust,True,2023-06-19,2026-04-11,False
PH0480,C0048,cash_savings,False,,,False
PH0481,C0049,equity_portfolio,False,,,False
PH0482,C0049,fixed_income,False,,,False
PH0483,C0049,insurance_life,True,2019-11-19,2025-07-09,False
PH0484,C0049,insurance_protection,False,,,False
PH0485,C0049,estate_plan,True,2018-12-24,2025-07-23,False
PH0486,C0049,tax_wrapper_isa,False,,,False
PH0487,C0049,tax_wrapper_pension,True,2021-11-16,2026-11-25,False
PH0488,C0049,mortgage,False,,,False
PH0489,C0049,trust,True,2025-10-15,2025-06-04,False
PH0490,C0049,cash_savings,False,,,False
PH0491,C0050,equity_portfolio,False,,,False
PH0492,C0050,fixed_income,False,,,False
PH0493,C0050,insurance_life,True,2026-03-31,2025-09-04,False
PH0494,C0050,insurance_protection,False,,,True
PH0495,C0050,estate_plan,False,,,True
PH0496,C0050,tax_wrapper_isa,True,2024-07-24,2026-07-05,False
PH0497,C0050,tax_wrapper_pension,False,,,False
PH0498,C0050,mortgage,False,,,False
PH0499,C0050,trust,True,2024-03-19,2026-10-22,False
PH0500,C0050,cash_savings,False,,,False
PH0501,C0051,equity_portfolio,False,,,False
PH0502,C0051,fixed_income,False,,,False
PH0503,C0051,insurance_life,True,2008-07-04,2026-09-06,False
PH0504,C0051,insurance_protection,False,,,True
PH0505,C0051,estate_plan,True,2018-10-21,2026-01-15,False
PH0506,C0051,tax_wrapper_isa,False,,,True
PH0507,C0051,tax_wrapper_pension,True,2024-11-18,2026-02-25,False
PH0508,C0051,mortgage,False,,,False
PH0509,C0051,trust,False,,,False
PH0510,C0051,cash_savings,False,,,False
PH0511,C0052,equity_portfolio,True,2009-10-22,2026-08-10,False
PH0512,C0052,fixed_income,True,2014-03-18,2025-12-02,False
PH0513,C0052,insurance_life,True,2010-12-04,2025-09-26,False
PH0514,C0052,insurance_protection,True,2025-02-23,2026-05-03,False
PH0515,C0052,estate_plan,True,2014-02-16,2026-04-17,False
PH0516,C0052,tax_wrapper_isa,False,,,False
PH0517,C0052,tax_wrapper_pension,True,2011-04-22,2026-04-05,False
PH0518,C0052,mortgage,False,,,False
PH0519,C0052,trust,True,2008-06-12,2025-08-15,False
PH0520,C0052,cash_savings,True,2020-01-06,2025-09-07,False
PH0521,C0053,equity_portfolio,False,,,False
PH0522,C0053,fixed_income,False,,,False
PH0523,C0053,insurance_life,True,2019-02-23,2026-10-13,False
PH0524,C0053,insurance_protection,False,,,False
PH0525,C0053,estate_plan,False,,,False
PH0526,C0053,tax_wrapper_isa,True,2022-03-28,2026-05-12,False
PH0527,C0053,tax_wrapper_pension,False,,,False
PH0528,C0053,mortgage,False,,,False
PH0529,C0053,trust,False,,,False
PH0530,C0053,cash_savings,False,,,False
PH0531,C0054,equity_portfolio,True,2025-11-21,2026-10-22,False
PH0532,C0054,fixed_income,True,2026-01-20,2025-07-14,False
PH0533,C0054,insurance_life,True,2025-11-15,2026-04-05,False
PH0534,C0054,insurance_protection,True,2026-01-18,2025-06-24,False
PH0535,C0054,estate_plan,False,,,False
PH0536,C0054,tax_wrapper_isa,True,2026-05-27,2026-05-20,False
PH0537,C0054,tax_wrapper_pension,False,,,False
PH0538,C0054,mortgage,False,,,False
PH0539,C0054,trust,False,,,False
PH0540,C0054,cash_savings,False,,,False
PH0541,C0055,equity_portfolio,True,2026-02-27,2025-12-25,False
PH0542,C0055,fixed_income,True,2026-02-09,2026-05-15,False
PH0543,C0055,insurance_life,True,2025-10-08,2025-08-29,False
PH0544,C0055,insurance_protection,True,2025-09-30,2026-02-16,False
PH0545,C0055,estate_plan,True,2025-12-12,2026-11-27,False
PH0546,C0055,tax_wrapper_isa,False,,,False
PH0547,C0055,tax_wrapper_pension,True,2026-05-14,2026-08-27,False
PH0548,C0055,mortgage,True,2026-02-19,2026-07-17,False
PH0549,C0055,trust,True,2026-01-03,2026-06-30,False
PH0550,C0055,cash_savings,True,2025-12-08,2025-07-09,False
PH0551,C0056,equity_portfolio,False,,,False
PH0552,C0056,fixed_income,False,,,False
PH0553,C0056,insurance_life,True,2025-06-02,2026-06-02,False
PH0554,C0056,insurance_protection,True,2026-04-05,2025-06-05,False
PH0555,C0056,estate_plan,False,,,False
PH0556,C0056,tax_wrapper_isa,True,2020-02-07,2025-08-11,False
PH0557,C0056,tax_wrapper_pension,False,,,False
PH0558,C0056,mortgage,True,2025-07-04,2026-09-27,False
PH0559,C0056,trust,False,,,False
PH0560,C0056,cash_savings,True,2021-07-25,2026-10-04,False
PH0561,C0057,equity_portfolio,True,2014-08-29,2025-10-14,False
PH0562,C0057,fixed_income,True,2018-04-13,2026-09-19,False
PH0563,C0057,insurance_life,True,2014-09-21,2025-09-03,False
PH0564,C0057,insurance_protection,True,2025-01-03,2026-07-06,False
PH0565,C0057,estate_plan,False,,,False
PH0566,C0057,tax_wrapper_isa,True,2010-03-08,2026-11-06,False
PH0567,C0057,tax_wrapper_pension,True,2025-12-30,2025-11-30,False
PH0568,C0057,mortgage,True,2015-06-23,2025-12-24,False
PH0569,C0057,trust,False,,,False
PH0570,C0057,cash_savings,False,,,False
PH0571,C0058,equity_portfolio,True,2026-05-04,2026-04-12,False
PH0572,C0058,fixed_income,False,,,False
PH0573,C0058,insurance_life,False,,,False
PH0574,C0058,insurance_protection,True,2023-08-29,2026-02-14,False
PH0575,C0058,estate_plan,True,2024-04-04,2025-11-19,False
PH0576,C0058,tax_wrapper_isa,False,,,False
PH0577,C0058,tax_wrapper_pension,True,2023-08-08,2026-04-13,False
PH0578,C0058,mortgage,False,,,False
PH0579,C0058,trust,False,,,False
PH0580,C0058,cash_savings,True,2025-01-31,2026-03-26,False
PH0581,C0059,equity_portfolio,True,2019-11-17,2026-07-14,False
PH0582,C0059,fixed_income,False,,,False
PH0583,C0059,insurance_life,False,,,False
PH0584,C0059,insurance_protection,True,2020-06-23,2025-07-01,False
PH0585,C0059,estate_plan,False,,,False
PH0586,C0059,tax_wrapper_isa,False,,,False
PH0587,C0059,tax_wrapper_pension,True,2011-05-16,2026-06-30,False
PH0588,C0059,mortgage,True,2023-02-07,2025-09-09,False
PH0589,C0059,trust,True,2013-10-25,2026-11-20,False
PH0590,C0059,cash_savings,False,,,False
PH0591,C0060,equity_portfolio,True,2025-08-03,2026-05-17,False
PH0592,C0060,fixed_income,False,,,False
PH0593,C0060,insurance_life,True,2015-08-12,2026-07-10,False
PH0594,C0060,insurance_protection,True,2021-11-18,2026-08-31,False
PH0595,C0060,estate_plan,True,2018-03-18,2025-07-22,False
PH0596,C0060,tax_wrapper_isa,True,2015-02-05,2025-08-02,False
PH0597,C0060,tax_wrapper_pension,True,2014-05-29,2025-09-23,False
PH0598,C0060,mortgage,True,2023-12-23,2026-08-04,False
PH0599,C0060,trust,True,2011-11-29,2026-08-10,False
PH0600,C0060,cash_savings,True,2017-04-18,2025-07-30,False
PH0601,C0061,equity_portfolio,True,2023-10-17,2026-02-11,False
PH0602,C0061,fixed_income,True,2026-02-27,2025-07-01,False
PH0603,C0061,insurance_life,True,2023-11-03,2026-09-21,False
PH0604,C0061,insurance_protection,False,,,False
PH0605,C0061,estate_plan,False,,,True
PH0606,C0061,tax_wrapper_isa,True,2024-02-17,2026-01-13,False
PH0607,C0061,tax_wrapper_pension,True,2023-05-08,2026-10-09,False
PH0608,C0061,mortgage,False,,,False
PH0609,C0061,trust,True,2023-09-20,2026-10-06,False
PH0610,C0061,cash_savings,True,2026-03-05,2026-01-19,False
PH0611,C0062,equity_portfolio,True,2025-06-05,2025-12-10,False
PH0612,C0062,fixed_income,True,2023-09-18,2026-02-22,False
PH0613,C0062,insurance_life,True,2025-08-02,2026-04-19,False
PH0614,C0062,insurance_protection,False,,,False
PH0615,C0062,estate_plan,True,2025-09-30,2026-10-20,False
PH0616,C0062,tax_wrapper_isa,False,,,False
PH0617,C0062,tax_wrapper_pension,False,,,False
PH0618,C0062,mortgage,True,2025-07-22,2025-10-30,False
PH0619,C0062,trust,True,2023-04-27,2025-11-14,False
PH0620,C0062,cash_savings,True,2025-12-30,2026-09-19,False
PH0621,C0063,equity_portfolio,False,,,False
PH0622,C0063,fixed_income,False,,,False
PH0623,C0063,insurance_life,False,,,False
PH0624,C0063,insurance_protection,False,,,False
PH0625,C0063,estate_plan,False,,,False
PH0626,C0063,tax_wrapper_isa,False,,,False
PH0627,C0063,tax_wrapper_pension,True,2024-11-21,2025-10-06,False
PH0628,C0063,mortgage,True,2023-07-01,2026-05-25,False
PH0629,C0063,trust,False,,,False
PH0630,C0063,cash_savings,True,2020-12-26,2026-04-01,False
PH0631,C0064,equity_portfolio,False,,,False
PH0632,C0064,fixed_income,True,2018-12-05,2025-12-13,False
PH0633,C0064,insurance_life,True,2026-01-30,2026-11-19,False
PH0634,C0064,insurance_protection,False,,,False
PH0635,C0064,estate_plan,True,2009-12-11,2025-07-04,False
PH0636,C0064,tax_wrapper_isa,True,2011-12-02,2026-03-13,False
PH0637,C0064,tax_wrapper_pension,True,2017-01-07,2026-05-25,False
PH0638,C0064,mortgage,False,,,False
PH0639,C0064,trust,True,2022-06-11,2026-08-07,False
PH0640,C0064,cash_savings,False,,,False
PH0641,C0065,equity_portfolio,True,2017-03-22,2025-06-30,False
PH0642,C0065,fixed_income,True,2015-08-15,2026-06-02,False
PH0643,C0065,insurance_life,False,,,True
PH0644,C0065,insurance_protection,False,,,False
PH0645,C0065,estate_plan,False,,,False
PH0646,C0065,tax_wrapper_isa,True,2023-12-23,2025-06-11,False
PH0647,C0065,tax_wrapper_pension,True,2026-03-03,2026-06-23,False
PH0648,C0065,mortgage,False,,,False
PH0649,C0065,trust,False,,,False
PH0650,C0065,cash_savings,False,,,False
PH0651,C0066,equity_portfolio,True,2022-03-19,2025-12-18,False
PH0652,C0066,fixed_income,True,2025-01-15,2025-07-05,False
PH0653,C0066,insurance_life,True,2022-04-07,2025-08-16,False
PH0654,C0066,insurance_protection,True,2024-10-28,2026-05-08,False
PH0655,C0066,estate_plan,False,,,True
PH0656,C0066,tax_wrapper_isa,False,,,False
PH0657,C0066,tax_wrapper_pension,True,2022-01-23,2026-06-13,False
PH0658,C0066,mortgage,False,,,False
PH0659,C0066,trust,True,2026-02-16,2025-06-23,False
PH0660,C0066,cash_savings,True,2025-08-22,2026-08-03,False
PH0661,C0067,equity_portfolio,True,2018-07-03,2026-06-01,False
PH0662,C0067,fixed_income,False,,,False
PH0663,C0067,insurance_life,False,,,True
PH0664,C0067,insurance_protection,False,,,False
PH0665,C0067,estate_plan,True,2025-03-13,2025-07-14,False
PH0666,C0067,tax_wrapper_isa,True,2024-09-13,2026-04-23,False
PH0667,C0067,tax_wrapper_pension,False,,,False
PH0668,C0067,mortgage,False,,,False
PH0669,C0067,trust,False,,,False
PH0670,C0067,cash_savings,False,,,False
PH0671,C0068,equity_portfolio,False,,,False
PH0672,C0068,fixed_income,False,,,False
PH0673,C0068,insurance_life,True,2025-03-09,2026-11-11,False
PH0674,C0068,insurance_protection,True,2024-07-06,2025-11-11,False
PH0675,C0068,estate_plan,False,,,False
PH0676,C0068,tax_wrapper_isa,True,2025-06-03,2026-11-01,False
PH0677,C0068,tax_wrapper_pension,True,2026-06-01,2026-11-25,False
PH0678,C0068,mortgage,True,2024-04-26,2025-11-17,False
PH0679,C0068,trust,False,,,False
PH0680,C0068,cash_savings,True,2024-12-30,2025-07-31,False
PH0681,C0069,equity_portfolio,True,2009-12-11,2026-07-30,False
PH0682,C0069,fixed_income,False,,,False
PH0683,C0069,insurance_life,False,,,False
PH0684,C0069,insurance_protection,False,,,True
PH0685,C0069,estate_plan,False,,,True
PH0686,C0069,tax_wrapper_isa,False,,,False
PH0687,C0069,tax_wrapper_pension,False,,,False
PH0688,C0069,mortgage,False,,,False
PH0689,C0069,trust,True,2018-11-19,2026-07-12,False
PH0690,C0069,cash_savings,False,,,False
PH0691,C0070,equity_portfolio,False,,,False
PH0692,C0070,fixed_income,False,,,False
PH0693,C0070,insurance_life,True,2012-10-02,2026-10-10,False
PH0694,C0070,insurance_protection,True,2018-11-02,2026-02-23,False
PH0695,C0070,estate_plan,False,,,False
PH0696,C0070,tax_wrapper_isa,True,2014-11-07,2026-07-02,False
PH0697,C0070,tax_wrapper_pension,True,2012-03-06,2026-04-23,False
PH0698,C0070,mortgage,True,2015-07-30,2026-01-17,False
PH0699,C0070,trust,False,,,False
PH0700,C0070,cash_savings,True,2024-12-21,2026-04-12,False
PH0701,C0071,equity_portfolio,True,2018-08-20,2026-03-20,False
PH0702,C0071,fixed_income,False,,,False
PH0703,C0071,insurance_life,True,2017-01-06,2026-01-28,False
PH0704,C0071,insurance_protection,True,2018-01-07,2026-08-18,False
PH0705,C0071,estate_plan,False,,,False
PH0706,C0071,tax_wrapper_isa,False,,,False
PH0707,C0071,tax_wrapper_pension,True,2020-04-03,2026-07-14,False
PH0708,C0071,mortgage,False,,,False
PH0709,C0071,trust,False,,,False
PH0710,C0071,cash_savings,True,2025-01-13,2026-05-06,False
PH0711,C0072,equity_portfolio,False,,,False
PH0712,C0072,fixed_income,False,,,False
PH0713,C0072,insurance_life,False,,,False
PH0714,C0072,insurance_protection,False,,,False
PH0715,C0072,estate_plan,False,,,False
PH0716,C0072,tax_wrapper_isa,False,,,True
PH0717,C0072,tax_wrapper_pension,False,,,False
PH0718,C0072,mortgage,False,,,False
PH0719,C0072,trust,False,,,False
PH0720,C0072,cash_savings,False,,,False
PH0721,C0073,equity_portfolio,False,,,False
PH0722,C0073,fixed_income,True,2023-11-03,2025-11-12,False
PH0723,C0073,insurance_life,False,,,False
PH0724,C0073,insurance_protection,False,,,False
PH0725,C0073,estate_plan,True,2024-10-10,2026-09-29,False
PH0726,C0073,tax_wrapper_isa,True,2022-10-21,2026-03-30,False
PH0727,C0073,tax_wrapper_pension,False,,,False
PH0728,C0073,mortgage,False,,,False
PH0729,C0073,trust,True,2024-06-10,2026-10-26,False
PH0730,C0073,cash_savings,False,,,False
PH0731,C0074,equity_portfolio,True,2025-10-16,2025-12-28,False
PH0732,C0074,fixed_income,True,2025-01-07,2026-04-12,False
PH0733,C0074,insurance_life,True,2024-05-29,2025-11-07,False
PH0734,C0074,insurance_protection,True,2023-07-03,2026-06-19,False
PH0735,C0074,estate_plan,True,2023-10-02,2026-03-03,False
PH0736,C0074,tax_wrapper_isa,True,2024-12-23,2026-04-02,False
PH0737,C0074,tax_wrapper_pension,True,2022-10-07,2025-06-27,False
PH0738,C0074,mortgage,True,2026-02-01,2026-03-11,False
PH0739,C0074,trust,True,2023-08-19,2026-06-21,False
PH0740,C0074,cash_savings,True,2024-03-11,2026-05-25,False
PH0741,C0075,equity_portfolio,False,,,False
PH0742,C0075,fixed_income,False,,,False
PH0743,C0075,insurance_life,False,,,False
PH0744,C0075,insurance_protection,False,,,True
PH0745,C0075,estate_plan,False,,,False
PH0746,C0075,tax_wrapper_isa,True,2025-01-05,2026-09-09,False
PH0747,C0075,tax_wrapper_pension,True,2025-06-29,2026-09-27,False
PH0748,C0075,mortgage,True,2025-04-23,2025-08-25,False
PH0749,C0075,trust,False,,,False
PH0750,C0075,cash_savings,True,2024-05-08,2025-06-25,False
PH0751,C0076,equity_portfolio,True,2022-01-26,2025-11-16,False
PH0752,C0076,fixed_income,False,,,False
PH0753,C0076,insurance_life,False,,,True
PH0754,C0076,insurance_protection,True,2020-07-16,2026-07-12,False
PH0755,C0076,estate_plan,True,2022-09-18,2026-10-28,False
PH0756,C0076,tax_wrapper_isa,True,2026-01-03,2026-09-08,False
PH0757,C0076,tax_wrapper_pension,True,2024-09-23,2026-07-01,False
PH0758,C0076,mortgage,True,2024-02-10,2026-04-02,False
PH0759,C0076,trust,False,,,False
PH0760,C0076,cash_savings,True,2025-07-05,2025-08-25,False
PH0761,C0077,equity_portfolio,False,,,False
PH0762,C0077,fixed_income,True,2023-01-27,2026-03-03,False
PH0763,C0077,insurance_life,True,2025-05-17,2025-09-22,False
PH0764,C0077,insurance_protection,False,,,False
PH0765,C0077,estate_plan,False,,,False
PH0766,C0077,tax_wrapper_isa,True,2024-05-21,2025-09-28,False
PH0767,C0077,tax_wrapper_pension,True,2025-12-21,2026-04-23,False
PH0768,C0077,mortgage,True,2022-12-22,2026-03-20,False
PH0769,C0077,trust,False,,,False
PH0770,C0077,cash_savings,True,2021-02-01,2025-11-07,False
PH0771,C0078,equity_portfolio,True,2025-12-03,2025-09-15,False
PH0772,C0078,fixed_income,False,,,False
PH0773,C0078,insurance_life,False,,,False
PH0774,C0078,insurance_protection,False,,,False
PH0775,C0078,estate_plan,True,2024-12-14,2026-08-07,False
PH0776,C0078,tax_wrapper_isa,False,,,True
PH0777,C0078,tax_wrapper_pension,False,,,False
PH0778,C0078,mortgage,False,,,False
PH0779,C0078,trust,True,2023-12-19,2026-01-09,False
PH0780,C0078,cash_savings,True,2023-08-16,2026-06-27,False
PH0781,C0079,equity_portfolio,False,,,False
PH0782,C0079,fixed_income,False,,,False
PH0783,C0079,insurance_life,True,2017-04-19,2026-07-31,False
PH0784,C0079,insurance_protection,False,,,True
PH0785,C0079,estate_plan,False,,,False
PH0786,C0079,tax_wrapper_isa,False,,,False
PH0787,C0079,tax_wrapper_pension,False,,,False
PH0788,C0079,mortgage,False,,,False
PH0789,C0079,trust,True,2015-03-29,2026-09-06,False
PH0790,C0079,cash_savings,True,2014-12-04,2025-10-05,False
PH0791,C0080,equity_portfolio,False,,,False
PH0792,C0080,fixed_income,False,,,False
PH0793,C0080,insurance_life,False,,,False
PH0794,C0080,insurance_protection,False,,,True
PH0795,C0080,estate_plan,False,,,False
PH0796,C0080,tax_wrapper_isa,True,2023-06-21,2026-01-06,False
PH0797,C0080,tax_wrapper_pension,False,,,False
PH0798,C0080,mortgage,False,,,False
PH0799,C0080,trust,False,,,False
PH0800,C0080,cash_savings,True,2020-07-13,2026-03-30,False
PH0801,C0081,equity_portfolio,True,2026-06-03,2026-06-30,False
PH0802,C0081,fixed_income,True,2025-05-12,2026-10-16,False
PH0803,C0081,insurance_life,False,,,False
PH0804,C0081,insurance_protection,True,2025-04-29,2026-08-19,False
PH0805,C0081,estate_plan,True,2026-04-11,2026-07-11,False
PH0806,C0081,tax_wrapper_isa,True,2025-07-22,2026-05-09,False
PH0807,C0081,tax_wrapper_pension,False,,,False
PH0808,C0081,mortgage,True,2025-09-09,2026-05-05,False
PH0809,C0081,trust,True,2026-04-19,2026-11-07,False
PH0810,C0081,cash_savings,False,,,False
PH0811,C0082,equity_portfolio,True,2026-02-03,2025-12-07,False
PH0812,C0082,fixed_income,True,2025-10-19,2025-07-27,False
PH0813,C0082,insurance_life,True,2026-03-01,2026-05-24,False
PH0814,C0082,insurance_protection,False,,,False
PH0815,C0082,estate_plan,True,2026-04-17,2026-09-09,False
PH0816,C0082,tax_wrapper_isa,True,2025-10-14,2026-04-04,False
PH0817,C0082,tax_wrapper_pension,True,2025-09-13,2025-08-27,False
PH0818,C0082,mortgage,True,2025-08-17,2026-01-05,False
PH0819,C0082,trust,True,2025-10-28,2025-06-05,False
PH0820,C0082,cash_savings,False,,,False
PH0821,C0083,equity_portfolio,False,,,False
PH0822,C0083,fixed_income,False,,,False
PH0823,C0083,insurance_life,False,,,False
PH0824,C0083,insurance_protection,True,2024-09-23,2025-07-02,False
PH0825,C0083,estate_plan,True,2025-12-27,2026-08-17,False
PH0826,C0083,tax_wrapper_isa,False,,,False
PH0827,C0083,tax_wrapper_pension,False,,,False
PH0828,C0083,mortgage,True,2025-08-21,2025-10-05,False
PH0829,C0083,trust,False,,,False
PH0830,C0083,cash_savings,False,,,False
PH0831,C0084,equity_portfolio,True,2015-01-15,2026-08-22,False
PH0832,C0084,fixed_income,True,2016-07-10,2026-01-30,False
PH0833,C0084,insurance_life,True,2021-12-20,2026-05-21,False
PH0834,C0084,insurance_protection,False,,,False
PH0835,C0084,estate_plan,False,,,False
PH0836,C0084,tax_wrapper_isa,True,2025-04-30,2025-06-06,False
PH0837,C0084,tax_wrapper_pension,False,,,False
PH0838,C0084,mortgage,False,,,False
PH0839,C0084,trust,False,,,False
PH0840,C0084,cash_savings,True,2022-07-17,2026-06-05,False
PH0841,C0085,equity_portfolio,False,,,False
PH0842,C0085,fixed_income,False,,,False
PH0843,C0085,insurance_life,False,,,True
PH0844,C0085,insurance_protection,True,2007-11-28,2025-11-22,False
PH0845,C0085,estate_plan,False,,,False
PH0846,C0085,tax_wrapper_isa,True,2026-03-27,2025-07-13,False
PH0847,C0085,tax_wrapper_pension,True,2023-08-10,2025-08-07,False
PH0848,C0085,mortgage,False,,,False
PH0849,C0085,trust,True,2009-07-26,2025-06-25,False
PH0850,C0085,cash_savings,False,,,False
PH0851,C0086,equity_portfolio,False,,,False
PH0852,C0086,fixed_income,False,,,False
PH0853,C0086,insurance_life,False,,,False
PH0854,C0086,insurance_protection,False,,,False
PH0855,C0086,estate_plan,True,2025-06-20,2026-04-01,False
PH0856,C0086,tax_wrapper_isa,False,,,True
PH0857,C0086,tax_wrapper_pension,True,2024-12-10,2025-10-30,False
PH0858,C0086,mortgage,False,,,False
PH0859,C0086,trust,False,,,False
PH0860,C0086,cash_savings,True,2026-03-28,2026-04-09,False
PH0861,C0087,equity_portfolio,False,,,False
PH0862,C0087,fixed_income,True,2024-04-28,2025-09-27,False
PH0863,C0087,insurance_life,True,2025-05-06,2026-06-16,False
PH0864,C0087,insurance_protection,True,2024-11-20,2025-09-03,False
PH0865,C0087,estate_plan,False,,,False
PH0866,C0087,tax_wrapper_isa,True,2023-10-08,2025-09-01,False
PH0867,C0087,tax_wrapper_pension,True,2024-01-18,2025-12-05,False
PH0868,C0087,mortgage,True,2022-10-13,2025-09-29,False
PH0869,C0087,trust,False,,,False
PH0870,C0087,cash_savings,False,,,False
PH0871,C0088,equity_portfolio,True,2025-11-13,2026-07-02,False
PH0872,C0088,fixed_income,True,2025-08-11,2025-12-19,False
PH0873,C0088,insurance_life,True,2021-11-25,2026-07-10,False
PH0874,C0088,insurance_protection,True,2025-11-03,2026-10-31,False
PH0875,C0088,estate_plan,False,,,False
PH0876,C0088,tax_wrapper_isa,False,,,False
PH0877,C0088,tax_wrapper_pension,True,2023-12-30,2025-07-08,False
PH0878,C0088,mortgage,False,,,False
PH0879,C0088,trust,False,,,False
PH0880,C0088,cash_savings,True,2021-12-20,2026-01-19,False
PH0881,C0089,equity_portfolio,False,,,False
PH0882,C0089,fixed_income,False,,,False
PH0883,C0089,insurance_life,False,,,False
PH0884,C0089,insurance_protection,True,2022-09-23,2026-03-08,False
PH0885,C0089,estate_plan,False,,,False
PH0886,C0089,tax_wrapper_isa,False,,,True
PH0887,C0089,tax_wrapper_pension,False,,,False
PH0888,C0089,mortgage,False,,,False
PH0889,C0089,trust,False,,,False
PH0890,C0089,cash_savings,True,2023-12-27,2025-06-14,False
PH0891,C0090,equity_portfolio,True,2022-09-17,2025-09-01,False
PH0892,C0090,fixed_income,False,,,False
PH0893,C0090,insurance_life,True,2022-11-14,2026-05-28,False
PH0894,C0090,insurance_protection,True,2023-10-20,2025-09-25,False
PH0895,C0090,estate_plan,True,2025-08-11,2026-08-27,False
PH0896,C0090,tax_wrapper_isa,False,,,True
PH0897,C0090,tax_wrapper_pension,True,2023-07-27,2025-12-11,False
PH0898,C0090,mortgage,True,2023-05-28,2026-11-08,False
PH0899,C0090,trust,True,2024-05-28,2025-06-28,False
PH0900,C0090,cash_savings,False,,,False
PH0901,C0091,equity_portfolio,False,,,False
PH0902,C0091,fixed_income,True,2022-09-22,2025-07-29,False
PH0903,C0091,insurance_life,True,2025-10-26,2026-06-01,False
PH0904,C0091,insurance_protection,True,2025-04-13,2025-12-12,False
PH0905,C0091,estate_plan,True,2023-07-05,2025-12-03,False
PH0906,C0091,tax_wrapper_isa,True,2023-07-19,2026-02-19,False
PH0907,C0091,tax_wrapper_pension,True,2023-07-03,2025-07-02,False
PH0908,C0091,mortgage,True,2024-04-08,2026-08-20,False
PH0909,C0091,trust,False,,,False
PH0910,C0091,cash_savings,False,,,False
PH0911,C0092,equity_portfolio,False,,,False
PH0912,C0092,fixed_income,False,,,False
PH0913,C0092,insurance_life,True,2011-10-22,2025-10-19,False
PH0914,C0092,insurance_protection,True,2022-03-10,2026-10-19,False
PH0915,C0092,estate_plan,False,,,False
PH0916,C0092,tax_wrapper_isa,False,,,True
PH0917,C0092,tax_wrapper_pension,True,2010-05-31,2025-12-13,False
PH0918,C0092,mortgage,False,,,False
PH0919,C0092,trust,False,,,False
PH0920,C0092,cash_savings,True,2016-07-03,2025-10-03,False
PH0921,C0093,equity_portfolio,True,2024-02-14,2025-08-19,False
PH0922,C0093,fixed_income,False,,,False
PH0923,C0093,insurance_life,False,,,True
PH0924,C0093,insurance_protection,True,2025-09-09,2025-08-05,False
PH0925,C0093,estate_plan,False,,,False
PH0926,C0093,tax_wrapper_isa,True,2024-02-13,2025-07-30,False
PH0927,C0093,tax_wrapper_pension,True,2023-09-26,2026-08-01,False
PH0928,C0093,mortgage,True,2026-04-22,2026-09-09,False
PH0929,C0093,trust,False,,,False
PH0930,C0093,cash_savings,True,2025-01-05,2025-09-25,False
PH0931,C0094,equity_portfolio,True,2022-04-13,2026-11-16,False
PH0932,C0094,fixed_income,False,,,False
PH0933,C0094,insurance_life,True,2022-02-15,2025-11-04,False
PH0934,C0094,insurance_protection,False,,,True
PH0935,C0094,estate_plan,True,2026-01-08,2026-06-05,False
PH0936,C0094,tax_wrapper_isa,True,2025-03-19,2026-01-18,False
PH0937,C0094,tax_wrapper_pension,True,2024-03-19,2026-06-22,False
PH0938,C0094,mortgage,False,,,False
PH0939,C0094,trust,False,,,False
PH0940,C0094,cash_savings,True,2025-02-08,2025-12-12,False
PH0941,C0095,equity_portfolio,False,,,False
PH0942,C0095,fixed_income,True,2017-10-03,2025-06-05,False
PH0943,C0095,insurance_life,False,,,False
PH0944,C0095,insurance_protection,False,,,False
PH0945,C0095,estate_plan,False,,,False
PH0946,C0095,tax_wrapper_isa,False,,,False
PH0947,C0095,tax_wrapper_pension,True,2015-10-16,2026-08-26,False
PH0948,C0095,mortgage,True,2016-02-27,2026-01-23,False
PH0949,C0095,trust,True,2018-04-17,2026-08-19,False
PH0950,C0095,cash_savings,False,,,False
PH0951,C0096,equity_portfolio,True,2024-03-08,2026-07-04,False
PH0952,C0096,fixed_income,False,,,False
PH0953,C0096,insurance_life,True,2026-03-20,2026-10-26,False
PH0954,C0096,insurance_protection,True,2024-05-01,2026-03-30,False
PH0955,C0096,estate_plan,True,2026-02-16,2025-11-20,False
PH0956,C0096,tax_wrapper_isa,True,2024-03-13,2025-06-20,False
PH0957,C0096,tax_wrapper_pension,True,2023-12-18,2026-01-01,False
PH0958,C0096,mortgage,False,,,False
PH0959,C0096,trust,True,2026-02-15,2025-08-31,False
PH0960,C0096,cash_savings,True,2024-07-23,2025-10-07,False
PH0961,C0097,equity_portfolio,False,,,False
PH0962,C0097,fixed_income,True,2019-05-10,2025-08-11,False
PH0963,C0097,insurance_life,False,,,False
PH0964,C0097,insurance_protection,True,2015-08-29,2025-08-13,False
PH0965,C0097,estate_plan,False,,,False
PH0966,C0097,tax_wrapper_isa,False,,,True
PH0967,C0097,tax_wrapper_pension,True,2018-10-26,2025-08-24,False
PH0968,C0097,mortgage,True,2024-01-04,2025-10-28,False
PH0969,C0097,trust,False,,,False
PH0970,C0097,cash_savings,False,,,False
PH0971,C0098,equity_portfolio,False,,,False
PH0972,C0098,fixed_income,False,,,False
PH0973,C0098,insurance_life,False,,,True
PH0974,C0098,insurance_protection,False,,,False
PH0975,C0098,estate_plan,False,,,True
PH0976,C0098,tax_wrapper_isa,True,2016-08-02,2026-01-27,False
PH0977,C0098,tax_wrapper_pension,True,2022-05-20,2026-11-02,False
PH0978,C0098,mortgage,False,,,False
PH0979,C0098,trust,False,,,False
PH0980,C0098,cash_savings,True,2024-04-16,2026-09-16,False
PH0981,C0099,equity_portfolio,False,,,False
PH0982,C0099,fixed_income,True,2024-04-14,2026-09-18,False
PH0983,C0099,insurance_life,False,,,False
PH0984,C0099,insurance_protection,False,,,False
PH0985,C0099,estate_plan,False,,,False
PH0986,C0099,tax_wrapper_isa,False,,,True
PH0987,C0099,tax_wrapper_pension,True,2024-11-06,2025-08-10,False
PH0988,C0099,mortgage,True,2022-02-07,2026-04-30,False
PH0989,C0099,trust,False,,,False
PH0990,C0099,cash_savings,False,,,False
PH0991,C0100,equity_portfolio,True,2024-05-23,2026-02-26,False
PH0992,C0100,fixed_income,True,2022-12-26,2025-10-06,False
PH0993,C0100,insurance_life,False,,,True
PH0994,C0100,insurance_protection,True,2021-02-20,2026-01-18,False
PH0995,C0100,estate_plan,False,,,False
PH0996,C0100,tax_wrapper_isa,True,2021-03-11,2026-06-20,False
PH0997,C0100,tax_wrapper_pension,False,,,False
PH0998,C0100,mortgage,False,,,False
PH0999,C0100,trust,False,,,False
PH1000,C0100,cash_savings,False,,,False
PH1001,C0101,equity_portfolio,False,,,False
PH1002,C0101,fixed_income,True,2024-07-04,2025-11-06,False
PH1003,C0101,insurance_life,False,,,True
PH1004,C0101,insurance_protection,True,2012-10-06,2026-11-21,False
PH1005,C0101,estate_plan,False,,,False
PH1006,C0101,tax_wrapper_isa,True,2020-01-10,2026-02-08,False
PH1007,C0101,tax_wrapper_pension,True,2026-03-26,2026-08-21,False
PH1008,C0101,mortgage,True,2021-08-20,2025-06-15,False
PH1009,C0101,trust,False,,,False
PH1010,C0101,cash_savings,True,2015-10-03,2026-05-16,False
PH1011,C0102,equity_portfolio,True,2026-01-18,2026-10-24,False
PH1012,C0102,fixed_income,False,,,False
PH1013,C0102,insurance_life,False,,,False
PH1014,C0102,insurance_protection,False,,,False
PH1015,C0102,estate_plan,False,,,False
PH1016,C0102,tax_wrapper_isa,False,,,False
PH1017,C0102,tax_wrapper_pension,False,,,False
PH1018,C0102,mortgage,True,2023-12-28,2026-03-12,False
PH1019,C0102,trust,False,,,False
PH1020,C0102,cash_savings,True,2025-12-28,2025-09-26,False
PH1021,C0103,equity_portfolio,True,2020-12-03,2025-10-03,False
PH1022,C0103,fixed_income,False,,,False
PH1023,C0103,insurance_life,True,2019-09-01,2026-11-18,False
PH1024,C0103,insurance_protection,False,,,False
PH1025,C0103,estate_plan,True,2012-06-06,2026-08-09,False
PH1026,C0103,tax_wrapper_isa,False,,,False
PH1027,C0103,tax_wrapper_pension,True,2018-08-05,2025-09-02,False
PH1028,C0103,mortgage,False,,,False
PH1029,C0103,trust,False,,,False
PH1030,C0103,cash_savings,False,,,False
PH1031,C0104,equity_portfolio,True,2024-11-14,2025-08-18,False
PH1032,C0104,fixed_income,True,2023-07-20,2025-09-29,False
PH1033,C0104,insurance_life,False,,,True
PH1034,C0104,insurance_protection,True,2015-10-24,2026-03-15,False
PH1035,C0104,estate_plan,True,2023-03-06,2026-06-24,False
PH1036,C0104,tax_wrapper_isa,True,2022-08-26,2025-12-06,False
PH1037,C0104,tax_wrapper_pension,True,2010-04-18,2026-06-28,False
PH1038,C0104,mortgage,False,,,False
PH1039,C0104,trust,True,2023-07-27,2025-06-18,False
PH1040,C0104,cash_savings,True,2024-05-21,2026-03-09,False
PH1041,C0105,equity_portfolio,False,,,False
PH1042,C0105,fixed_income,False,,,False
PH1043,C0105,insurance_life,False,,,False
PH1044,C0105,insurance_protection,True,2023-08-14,2025-11-16,False
PH1045,C0105,estate_plan,True,2024-08-12,2026-09-22,False
PH1046,C0105,tax_wrapper_isa,True,2022-06-21,2025-08-06,False
PH1047,C0105,tax_wrapper_pension,True,2023-05-09,2026-10-16,False
PH1048,C0105,mortgage,False,,,False
PH1049,C0105,trust,True,2020-04-20,2026-11-27,False
PH1050,C0105,cash_savings,True,2022-03-09,2026-05-18,False
PH1051,C0106,equity_portfolio,False,,,False
PH1052,C0106,fixed_income,False,,,False
PH1053,C0106,insurance_life,True,2025-01-26,2026-03-10,False
PH1054,C0106,insurance_protection,False,,,True
PH1055,C0106,estate_plan,False,,,False
PH1056,C0106,tax_wrapper_isa,False,,,False
PH1057,C0106,tax_wrapper_pension,True,2018-03-15,2026-01-31,False
PH1058,C0106,mortgage,True,2017-09-15,2026-07-27,False
PH1059,C0106,trust,False,,,False
PH1060,C0106,cash_savings,True,2019-12-10,2025-12-22,False
PH1061,C0107,equity_portfolio,True,2015-11-06,2026-03-13,False
PH1062,C0107,fixed_income,False,,,False
PH1063,C0107,insurance_life,True,2019-09-20,2025-10-08,False
PH1064,C0107,insurance_protection,False,,,True
PH1065,C0107,estate_plan,False,,,False
PH1066,C0107,tax_wrapper_isa,True,2022-11-16,2026-10-01,False
PH1067,C0107,tax_wrapper_pension,False,,,False
PH1068,C0107,mortgage,True,2012-12-07,2026-04-15,False
PH1069,C0107,trust,False,,,False
PH1070,C0107,cash_savings,False,,,False
PH1071,C0108,equity_portfolio,False,,,False
PH1072,C0108,fixed_income,True,2025-05-18,2026-03-10,False
PH1073,C0108,insurance_life,True,2020-11-15,2026-06-23,False
PH1074,C0108,insurance_protection,False,,,True
PH1075,C0108,estate_plan,False,,,False
PH1076,C0108,tax_wrapper_isa,False,,,True
PH1077,C0108,tax_wrapper_pension,True,2026-05-06,2025-11-17,False
PH1078,C0108,mortgage,False,,,False
PH1079,C0108,trust,True,2021-11-27,2026-03-03,False
PH1080,C0108,cash_savings,False,,,False
PH1081,C0109,equity_portfolio,False,,,False
PH1082,C0109,fixed_income,False,,,False
PH1083,C0109,insurance_life,False,,,False
PH1084,C0109,insurance_protection,False,,,False
PH1085,C0109,estate_plan,False,,,True
PH1086,C0109,tax_wrapper_isa,False,,,False
PH1087,C0109,tax_wrapper_pension,False,,,False
PH1088,C0109,mortgage,False,,,False
PH1089,C0109,trust,False,,,False
PH1090,C0109,cash_savings,True,2017-12-17,2025-11-16,False
PH1091,C0110,equity_portfolio,False,,,False
PH1092,C0110,fixed_income,True,2024-06-05,2025-06-09,False
PH1093,C0110,insurance_life,False,,,False
PH1094,C0110,insurance_protection,True,2023-09-04,2026-10-18,False
PH1095,C0110,estate_plan,True,2024-03-10,2025-12-14,False
PH1096,C0110,tax_wrapper_isa,False,,,False
PH1097,C0110,tax_wrapper_pension,True,2023-04-16,2026-06-01,False
PH1098,C0110,mortgage,False,,,False
PH1099,C0110,trust,False,,,False
PH1100,C0110,cash_savings,True,2024-01-18,2025-12-28,False
PH1101,C0111,equity_portfolio,False,,,False
PH1102,C0111,fixed_income,False,,,False
PH1103,C0111,insurance_life,True,2023-02-03,2025-08-21,False
PH1104,C0111,insurance_protection,False,,,False
PH1105,C0111,estate_plan,True,2026-02-01,2025-09-22,False
PH1106,C0111,tax_wrapper_isa,False,,,True
PH1107,C0111,tax_wrapper_pension,False,,,False
PH1108,C0111,mortgage,False,,,False
PH1109,C0111,trust,False,,,False
PH1110,C0111,cash_savings,False,,,False
PH1111,C0112,equity_portfolio,False,,,False
PH1112,C0112,fixed_income,True,2004-11-23,2026-08-01,False
PH1113,C0112,insurance_life,True,2003-09-05,2026-06-08,False
PH1114,C0112,insurance_protection,False,,,False
PH1115,C0112,estate_plan,True,2016-02-29,2025-07-21,False
PH1116,C0112,tax_wrapper_isa,True,2024-05-25,2026-10-16,False
PH1117,C0112,tax_wrapper_pension,True,2003-11-05,2026-01-31,False
PH1118,C0112,mortgage,False,,,False
PH1119,C0112,trust,True,2025-12-18,2026-04-09,False
PH1120,C0112,cash_savings,True,2015-05-25,2025-08-08,False
PH1121,C0113,equity_portfolio,True,2011-08-19,2025-11-19,False
PH1122,C0113,fixed_income,False,,,False
PH1123,C0113,insurance_life,True,2016-08-26,2026-01-18,False
PH1124,C0113,insurance_protection,False,,,True
PH1125,C0113,estate_plan,True,2022-06-03,2025-06-09,False
PH1126,C0113,tax_wrapper_isa,False,,,False
PH1127,C0113,tax_wrapper_pension,True,2010-10-30,2025-09-06,False
PH1128,C0113,mortgage,True,2020-05-28,2025-10-19,False
PH1129,C0113,trust,False,,,False
PH1130,C0113,cash_savings,True,2020-01-21,2025-11-29,False
PH1131,C0114,equity_portfolio,False,,,False
PH1132,C0114,fixed_income,True,2020-03-10,2025-07-02,False
PH1133,C0114,insurance_life,False,,,True
PH1134,C0114,insurance_protection,True,2024-10-19,2025-08-30,False
PH1135,C0114,estate_plan,True,2022-07-08,2026-11-19,False
PH1136,C0114,tax_wrapper_isa,True,2024-12-10,2026-08-07,False
PH1137,C0114,tax_wrapper_pension,True,2022-02-04,2026-06-25,False
PH1138,C0114,mortgage,True,2019-07-01,2025-07-10,False
PH1139,C0114,trust,True,2024-12-01,2026-09-08,False
PH1140,C0114,cash_savings,True,2026-03-09,2026-11-25,False
PH1141,C0115,equity_portfolio,False,,,False
PH1142,C0115,fixed_income,True,2013-09-09,2026-07-03,False
PH1143,C0115,insurance_life,False,,,False
PH1144,C0115,insurance_protection,False,,,True
PH1145,C0115,estate_plan,False,,,False
PH1146,C0115,tax_wrapper_isa,False,,,False
PH1147,C0115,tax_wrapper_pension,True,2018-07-13,2026-01-02,False
PH1148,C0115,mortgage,True,2008-01-21,2025-07-16,False
PH1149,C0115,trust,False,,,False
PH1150,C0115,cash_savings,True,2018-01-26,2025-09-13,False
PH1151,C0116,equity_portfolio,False,,,False
PH1152,C0116,fixed_income,False,,,False
PH1153,C0116,insurance_life,False,,,True
PH1154,C0116,insurance_protection,False,,,True
PH1155,C0116,estate_plan,True,2026-05-02,2025-07-21,False
PH1156,C0116,tax_wrapper_isa,False,,,False
PH1157,C0116,tax_wrapper_pension,False,,,False
PH1158,C0116,mortgage,False,,,False
PH1159,C0116,trust,False,,,False
PH1160,C0116,cash_savings,False,,,False
PH1161,C0117,equity_portfolio,True,2025-03-24,2025-09-23,False
PH1162,C0117,fixed_income,True,2026-01-17,2026-05-22,False
PH1163,C0117,insurance_life,True,2025-11-27,2026-10-31,False
PH1164,C0117,insurance_protection,True,2025-12-01,2026-03-30,False
PH1165,C0117,estate_plan,True,2025-10-06,2026-05-26,False
PH1166,C0117,tax_wrapper_isa,True,2025-10-22,2026-02-01,False
PH1167,C0117,tax_wrapper_pension,True,2025-11-30,2025-07-12,False
PH1168,C0117,mortgage,False,,,False
PH1169,C0117,trust,False,,,False
PH1170,C0117,cash_savings,True,2026-02-23,2026-10-03,False
PH1171,C0118,equity_portfolio,True,2016-11-11,2026-06-15,False
PH1172,C0118,fixed_income,True,2011-12-06,2026-06-21,False
PH1173,C0118,insurance_life,False,,,False
PH1174,C0118,insurance_protection,True,2012-07-12,2026-08-16,False
PH1175,C0118,estate_plan,True,2009-06-18,2025-11-07,False
PH1176,C0118,tax_wrapper_isa,True,2022-07-16,2026-04-07,False
PH1177,C0118,tax_wrapper_pension,True,2015-09-17,2026-07-05,False
PH1178,C0118,mortgage,True,2020-05-06,2026-10-15,False
PH1179,C0118,trust,True,2024-01-17,2025-06-05,False
PH1180,C0118,cash_savings,True,2008-09-06,2025-11-08,False
PH1181,C0119,equity_portfolio,True,2026-04-01,2026-01-21,False
PH1182,C0119,fixed_income,True,2025-11-22,2026-06-16,False
PH1183,C0119,insurance_life,True,2025-11-21,2026-06-18,False
PH1184,C0119,insurance_protection,False,,,False
PH1185,C0119,estate_plan,True,2026-01-15,2026-11-07,False
PH1186,C0119,tax_wrapper_isa,False,,,False
PH1187,C0119,tax_wrapper_pension,True,2025-10-29,2026-02-15,False
PH1188,C0119,mortgage,True,2026-01-30,2026-03-08,False
PH1189,C0119,trust,False,,,False
PH1190,C0119,cash_savings,False,,,False
PH1191,C0120,equity_portfolio,True,2025-10-02,2026-09-25,False
PH1192,C0120,fixed_income,False,,,False
PH1193,C0120,insurance_life,True,2025-10-28,2025-08-11,False
PH1194,C0120,insurance_protection,True,2025-08-19,2025-06-21,False
PH1195,C0120,estate_plan,True,2025-05-03,2026-05-05,False
PH1196,C0120,tax_wrapper_isa,True,2026-01-30,2025-06-30,False
PH1197,C0120,tax_wrapper_pension,False,,,False
PH1198,C0120,mortgage,True,2025-05-07,2026-06-04,False
PH1199,C0120,trust,True,2025-10-29,2025-11-19,False
PH1200,C0120,cash_savings,False,,,False
PH1201,C0121,equity_portfolio,False,,,False
PH1202,C0121,fixed_income,True,2009-12-09,2025-11-02,False
PH1203,C0121,insurance_life,False,,,False
PH1204,C0121,insurance_protection,True,2025-03-01,2025-12-10,False
PH1205,C0121,estate_plan,True,2014-06-24,2026-01-17,False
PH1206,C0121,tax_wrapper_isa,True,2011-12-10,2025-06-29,False
PH1207,C0121,tax_wrapper_pension,True,2010-10-26,2026-04-04,False
PH1208,C0121,mortgage,False,,,False
PH1209,C0121,trust,False,,,False
PH1210,C0121,cash_savings,False,,,False
PH1211,C0122,equity_portfolio,False,,,False
PH1212,C0122,fixed_income,True,2024-07-14,2026-11-10,False
PH1213,C0122,insurance_life,True,2022-08-31,2025-09-25,False
PH1214,C0122,insurance_protection,False,,,True
PH1215,C0122,estate_plan,True,2021-10-04,2025-07-14,False
PH1216,C0122,tax_wrapper_isa,False,,,False
PH1217,C0122,tax_wrapper_pension,True,2020-07-17,2026-01-07,False
PH1218,C0122,mortgage,True,2020-03-13,2026-10-30,False
PH1219,C0122,trust,True,2022-04-11,2026-10-26,False
PH1220,C0122,cash_savings,False,,,False
PH1221,C0123,equity_portfolio,False,,,False
PH1222,C0123,fixed_income,False,,,False
PH1223,C0123,insurance_life,False,,,False
PH1224,C0123,insurance_protection,False,,,False
PH1225,C0123,estate_plan,False,,,False
PH1226,C0123,tax_wrapper_isa,False,,,True
PH1227,C0123,tax_wrapper_pension,True,2026-03-16,2026-05-18,False
PH1228,C0123,mortgage,True,2025-03-07,2025-09-19,False
PH1229,C0123,trust,False,,,False
PH1230,C0123,cash_savings,True,2024-07-29,2026-03-26,False
PH1231,C0124,equity_portfolio,True,2023-12-28,2025-10-12,False
PH1232,C0124,fixed_income,False,,,False
PH1233,C0124,insurance_life,True,2024-04-04,2026-11-10,False
PH1234,C0124,insurance_protection,True,2025-06-20,2026-07-23,False
PH1235,C0124,estate_plan,True,2023-08-13,2026-02-28,False
PH1236,C0124,tax_wrapper_isa,True,2022-11-25,2026-04-07,False
PH1237,C0124,tax_wrapper_pension,True,2023-04-05,2025-07-25,False
PH1238,C0124,mortgage,True,2025-01-09,2026-06-29,False
PH1239,C0124,trust,True,2022-08-14,2026-10-25,False
PH1240,C0124,cash_savings,True,2023-12-13,2025-07-23,False
PH1241,C0125,equity_portfolio,True,2018-09-16,2025-06-21,False
PH1242,C0125,fixed_income,False,,,False
PH1243,C0125,insurance_life,True,2020-05-02,2025-12-27,False
PH1244,C0125,insurance_protection,False,,,False
PH1245,C0125,estate_plan,False,,,False
PH1246,C0125,tax_wrapper_isa,False,,,False
PH1247,C0125,tax_wrapper_pension,False,,,False
PH1248,C0125,mortgage,False,,,False
PH1249,C0125,trust,True,2024-04-05,2026-07-07,False
PH1250,C0125,cash_savings,False,,,False
PH1251,C0126,equity_portfolio,True,2025-10-12,2026-10-02,False
PH1252,C0126,fixed_income,True,2026-02-16,2025-08-06,False
PH1253,C0126,insurance_life,True,2025-12-02,2026-07-14,False
PH1254,C0126,insurance_protection,True,2025-11-11,2025-07-29,False
PH1255,C0126,estate_plan,False,,,False
PH1256,C0126,tax_wrapper_isa,True,2025-10-03,2026-03-14,False
PH1257,C0126,tax_wrapper_pension,True,2025-06-19,2025-12-07,False
PH1258,C0126,mortgage,True,2025-12-06,2026-02-27,False
PH1259,C0126,trust,False,,,False
PH1260,C0126,cash_savings,True,2025-08-06,2026-03-13,False
PH1261,C0127,equity_portfolio,True,2026-01-28,2026-05-17,False
PH1262,C0127,fixed_income,True,2026-03-10,2025-12-27,False
PH1263,C0127,insurance_life,False,,,True
PH1264,C0127,insurance_protection,False,,,True
PH1265,C0127,estate_plan,True,2024-09-17,2025-10-08,False
PH1266,C0127,tax_wrapper_isa,True,2025-05-24,2026-04-05,False
PH1267,C0127,tax_wrapper_pension,False,,,False
PH1268,C0127,mortgage,False,,,False
PH1269,C0127,trust,False,,,False
PH1270,C0127,cash_savings,False,,,False
PH1271,C0128,equity_portfolio,False,,,False
PH1272,C0128,fixed_income,True,2023-09-03,2026-07-13,False
PH1273,C0128,insurance_life,True,2025-03-30,2026-01-08,False
PH1274,C0128,insurance_protection,True,2025-11-24,2026-07-29,False
PH1275,C0128,estate_plan,True,2024-08-19,2026-04-17,False
PH1276,C0128,tax_wrapper_isa,True,2025-11-08,2026-06-23,False
PH1277,C0128,tax_wrapper_pension,False,,,False
PH1278,C0128,mortgage,True,2025-05-03,2026-10-21,False
PH1279,C0128,trust,True,2024-08-04,2025-07-14,False
PH1280,C0128,cash_savings,True,2025-05-31,2026-04-02,False
PH1281,C0129,equity_portfolio,True,2012-01-05,2026-01-17,False
PH1282,C0129,fixed_income,True,2021-04-21,2026-01-06,False
PH1283,C0129,insurance_life,True,2011-04-29,2025-08-19,False
PH1284,C0129,insurance_protection,False,,,False
PH1285,C0129,estate_plan,True,2010-06-21,2025-07-15,False
PH1286,C0129,tax_wrapper_isa,True,2018-10-21,2026-09-29,False
PH1287,C0129,tax_wrapper_pension,True,2024-02-19,2025-06-30,False
PH1288,C0129,mortgage,False,,,False
PH1289,C0129,trust,True,2024-06-13,2026-10-28,False
PH1290,C0129,cash_savings,False,,,False
PH1291,C0130,equity_portfolio,False,,,False
PH1292,C0130,fixed_income,False,,,False
PH1293,C0130,insurance_life,False,,,False
PH1294,C0130,insurance_protection,False,,,False
PH1295,C0130,estate_plan,False,,,False
PH1296,C0130,tax_wrapper_isa,False,,,False
PH1297,C0130,tax_wrapper_pension,True,2025-11-26,2026-08-18,False
PH1298,C0130,mortgage,False,,,False
PH1299,C0130,trust,False,,,False
PH1300,C0130,cash_savings,False,,,False
PH1301,C0131,equity_portfolio,False,,,False
PH1302,C0131,fixed_income,False,,,False
PH1303,C0131,insurance_life,True,2024-10-25,2026-01-08,False
PH1304,C0131,insurance_protection,True,2026-03-21,2025-08-10,False
PH1305,C0131,estate_plan,True,2026-02-06,2025-10-25,False
PH1306,C0131,tax_wrapper_isa,False,,,False
PH1307,C0131,tax_wrapper_pension,True,2025-06-24,2025-07-29,False
PH1308,C0131,mortgage,True,2025-04-14,2026-01-25,False
PH1309,C0131,trust,True,2026-03-05,2026-11-19,False
PH1310,C0131,cash_savings,True,2025-05-31,2026-11-13,False
PH1311,C0132,equity_portfolio,False,,,False
PH1312,C0132,fixed_income,True,2016-03-27,2026-01-09,False
PH1313,C0132,insurance_life,False,,,False
PH1314,C0132,insurance_protection,True,2017-05-18,2026-11-15,False
PH1315,C0132,estate_plan,True,2016-09-04,2026-01-27,False
PH1316,C0132,tax_wrapper_isa,False,,,True
PH1317,C0132,tax_wrapper_pension,True,2018-05-28,2025-11-07,False
PH1318,C0132,mortgage,False,,,False
PH1319,C0132,trust,True,2013-03-24,2026-01-20,False
PH1320,C0132,cash_savings,True,2009-05-19,2025-09-26,False
PH1321,C0133,equity_portfolio,False,,,False
PH1322,C0133,fixed_income,True,2014-04-02,2026-07-17,False
PH1323,C0133,insurance_life,True,2008-03-20,2026-10-19,False
PH1324,C0133,insurance_protection,True,2013-09-11,2026-05-01,False
PH1325,C0133,estate_plan,True,2013-11-21,2026-06-01,False
PH1326,C0133,tax_wrapper_isa,True,2007-11-15,2025-09-06,False
PH1327,C0133,tax_wrapper_pension,True,2025-11-23,2026-09-24,False
PH1328,C0133,mortgage,False,,,False
PH1329,C0133,trust,False,,,False
PH1330,C0133,cash_savings,False,,,False
PH1331,C0134,equity_portfolio,True,2024-11-14,2026-07-04,False
PH1332,C0134,fixed_income,False,,,False
PH1333,C0134,insurance_life,True,2025-04-13,2026-01-22,False
PH1334,C0134,insurance_protection,False,,,True
PH1335,C0134,estate_plan,False,,,False
PH1336,C0134,tax_wrapper_isa,False,,,False
PH1337,C0134,tax_wrapper_pension,False,,,False
PH1338,C0134,mortgage,True,2025-10-30,2025-07-15,False
PH1339,C0134,trust,True,2024-12-03,2026-07-11,False
PH1340,C0134,cash_savings,False,,,False
PH1341,C0135,equity_portfolio,True,2021-05-28,2026-04-29,False
PH1342,C0135,fixed_income,True,2024-06-22,2026-02-23,False
PH1343,C0135,insurance_life,True,2025-01-10,2026-06-06,False
PH1344,C0135,insurance_protection,False,,,True
PH1345,C0135,estate_plan,True,2024-08-22,2026-05-16,False
PH1346,C0135,tax_wrapper_isa,True,2020-02-21,2026-08-31,False
PH1347,C0135,tax_wrapper_pension,True,2025-09-05,2025-08-14,False
PH1348,C0135,mortgage,True,2021-09-19,2026-08-30,False
PH1349,C0135,trust,True,2023-02-22,2026-07-28,False
PH1350,C0135,cash_savings,True,2021-08-22,2026-01-03,False
PH1351,C0136,equity_portfolio,True,2011-08-11,2025-12-17,False
PH1352,C0136,fixed_income,False,,,False
PH1353,C0136,insurance_life,True,2019-06-21,2025-08-18,False
PH1354,C0136,insurance_protection,True,2006-05-27,2025-07-05,False
PH1355,C0136,estate_plan,False,,,False
PH1356,C0136,tax_wrapper_isa,True,2009-10-21,2025-06-26,False
PH1357,C0136,tax_wrapper_pension,False,,,False
PH1358,C0136,mortgage,True,2008-10-22,2026-09-07,False
PH1359,C0136,trust,False,,,False
PH1360,C0136,cash_savings,False,,,False
PH1361,C0137,equity_portfolio,True,2022-02-02,2025-10-18,False
PH1362,C0137,fixed_income,True,2024-02-27,2026-06-18,False
PH1363,C0137,insurance_life,False,,,True
PH1364,C0137,insurance_protection,True,2020-12-21,2025-09-25,False
PH1365,C0137,estate_plan,True,2025-11-01,2026-11-01,False
PH1366,C0137,tax_wrapper_isa,True,2020-11-05,2025-11-29,False
PH1367,C0137,tax_wrapper_pension,True,2025-11-13,2025-11-30,False
PH1368,C0137,mortgage,False,,,False
PH1369,C0137,trust,True,2026-04-04,2025-11-03,False
PH1370,C0137,cash_savings,True,2025-08-03,2026-02-21,False
PH1371,C0138,equity_portfolio,True,2024-12-08,2026-10-01,False
PH1372,C0138,fixed_income,False,,,False
PH1373,C0138,insurance_life,False,,,False
PH1374,C0138,insurance_protection,True,2025-10-01,2026-10-08,False
PH1375,C0138,estate_plan,True,2023-09-20,2026-08-05,False
PH1376,C0138,tax_wrapper_isa,False,,,True
PH1377,C0138,tax_wrapper_pension,False,,,False
PH1378,C0138,mortgage,False,,,False
PH1379,C0138,trust,False,,,False
PH1380,C0138,cash_savings,False,,,False
PH1381,C0139,equity_portfolio,True,2022-11-06,2025-11-07,False
PH1382,C0139,fixed_income,True,2023-09-30,2026-11-29,False
PH1383,C0139,insurance_life,True,2023-02-19,2026-09-09,False
PH1384,C0139,insurance_protection,False,,,False
PH1385,C0139,estate_plan,True,2024-02-22,2026-05-28,False
PH1386,C0139,tax_wrapper_isa,True,2024-05-09,2025-06-07,False
PH1387,C0139,tax_wrapper_pension,True,2023-10-07,2026-01-06,False
PH1388,C0139,mortgage,False,,,False
PH1389,C0139,trust,True,2025-05-07,2026-10-05,False
PH1390,C0139,cash_savings,True,2025-04-22,2025-11-16,False
PH1391,C0140,equity_portfolio,False,,,False
PH1392,C0140,fixed_income,False,,,False
PH1393,C0140,insurance_life,False,,,False
PH1394,C0140,insurance_protection,False,,,False
PH1395,C0140,estate_plan,False,,,True
PH1396,C0140,tax_wrapper_isa,True,2015-05-06,2026-09-03,False
PH1397,C0140,tax_wrapper_pension,False,,,False
PH1398,C0140,mortgage,False,,,False
PH1399,C0140,trust,True,2015-12-16,2026-07-08,False
PH1400,C0140,cash_savings,False,,,False
PH1401,C0141,equity_portfolio,False,,,False
PH1402,C0141,fixed_income,True,2026-01-02,2026-10-09,False
PH1403,C0141,insurance_life,True,2026-02-15,2026-05-16,False
PH1404,C0141,insurance_protection,False,,,True
PH1405,C0141,estate_plan,True,2025-11-15,2026-06-20,False
PH1406,C0141,tax_wrapper_isa,True,2025-12-09,2025-08-18,False
PH1407,C0141,tax_wrapper_pension,False,,,False
PH1408,C0141,mortgage,True,2025-11-20,2026-05-29,False
PH1409,C0141,trust,False,,,False
PH1410,C0141,cash_savings,False,,,False
PH1411,C0142,equity_portfolio,False,,,False
PH1412,C0142,fixed_income,False,,,False
PH1413,C0142,insurance_life,True,2015-09-07,2026-11-25,False
PH1414,C0142,insurance_protection,True,2006-11-18,2026-11-06,False
PH1415,C0142,estate_plan,False,,,False
PH1416,C0142,tax_wrapper_isa,False,,,True
PH1417,C0142,tax_wrapper_pension,True,2014-06-20,2025-09-15,False
PH1418,C0142,mortgage,True,2020-11-11,2026-05-06,False
PH1419,C0142,trust,False,,,False
PH1420,C0142,cash_savings,True,2022-04-15,2026-03-01,False
PH1421,C0143,equity_portfolio,False,,,False
PH1422,C0143,fixed_income,False,,,False
PH1423,C0143,insurance_life,True,2023-03-27,2026-01-04,False
PH1424,C0143,insurance_protection,True,2025-05-19,2025-09-17,False
PH1425,C0143,estate_plan,True,2023-08-12,2026-01-09,False
PH1426,C0143,tax_wrapper_isa,False,,,True
PH1427,C0143,tax_wrapper_pension,True,2025-10-27,2025-12-13,False
PH1428,C0143,mortgage,True,2023-09-06,2026-03-30,False
PH1429,C0143,trust,True,2024-02-20,2026-01-18,False
PH1430,C0143,cash_savings,True,2025-08-01,2026-03-13,False
PH1431,C0144,equity_portfolio,False,,,False
PH1432,C0144,fixed_income,False,,,False
PH1433,C0144,insurance_life,False,,,False
PH1434,C0144,insurance_protection,False,,,True
PH1435,C0144,estate_plan,False,,,False
PH1436,C0144,tax_wrapper_isa,False,,,True
PH1437,C0144,tax_wrapper_pension,False,,,False
PH1438,C0144,mortgage,True,2024-10-21,2026-05-16,False
PH1439,C0144,trust,False,,,False
PH1440,C0144,cash_savings,True,2025-05-16,2026-09-13,False
PH1441,C0145,equity_portfolio,False,,,False
PH1442,C0145,fixed_income,False,,,False
PH1443,C0145,insurance_life,True,2018-05-29,2025-08-18,False
PH1444,C0145,insurance_protection,False,,,False
PH1445,C0145,estate_plan,False,,,False
PH1446,C0145,tax_wrapper_isa,False,,,True
PH1447,C0145,tax_wrapper_pension,False,,,False
PH1448,C0145,mortgage,True,2021-05-31,2025-10-30,False
PH1449,C0145,trust,False,,,False
PH1450,C0145,cash_savings,False,,,False
PH1451,C0146,equity_portfolio,True,2023-06-21,2026-01-11,False
PH1452,C0146,fixed_income,False,,,False
PH1453,C0146,insurance_life,False,,,True
PH1454,C0146,insurance_protection,True,2017-01-31,2025-11-14,False
PH1455,C0146,estate_plan,False,,,False
PH1456,C0146,tax_wrapper_isa,True,2021-05-19,2025-10-10,False
PH1457,C0146,tax_wrapper_pension,False,,,False
PH1458,C0146,mortgage,False,,,False
PH1459,C0146,trust,False,,,False
PH1460,C0146,cash_savings,True,2010-09-24,2025-09-13,False
PH1461,C0147,equity_portfolio,False,,,False
PH1462,C0147,fixed_income,False,,,False
PH1463,C0147,insurance_life,True,2015-04-05,2026-03-19,False
PH1464,C0147,insurance_protection,False,,,False
PH1465,C0147,estate_plan,False,,,True
PH1466,C0147,tax_wrapper_isa,True,2021-06-24,2025-06-19,False
PH1467,C0147,tax_wrapper_pension,False,,,False
PH1468,C0147,mortgage,False,,,False
PH1469,C0147,trust,True,2018-04-11,2026-05-02,False
PH1470,C0147,cash_savings,False,,,False
PH1471,C0148,equity_portfolio,True,2020-07-30,2026-03-10,False
PH1472,C0148,fixed_income,False,,,False
PH1473,C0148,insurance_life,True,2025-08-27,2026-07-16,False
PH1474,C0148,insurance_protection,True,2020-11-04,2026-09-21,False
PH1475,C0148,estate_plan,False,,,False
PH1476,C0148,tax_wrapper_isa,False,,,False
PH1477,C0148,tax_wrapper_pension,True,2021-04-27,2026-01-21,False
PH1478,C0148,mortgage,True,2026-01-11,2025-06-26,False
PH1479,C0148,trust,False,,,False
PH1480,C0148,cash_savings,True,2026-04-18,2026-09-17,False
PH1481,C0149,equity_portfolio,False,,,False
PH1482,C0149,fixed_income,True,2024-08-20,2026-02-26,False
PH1483,C0149,insurance_life,False,,,False
PH1484,C0149,insurance_protection,True,2024-11-07,2025-08-11,False
PH1485,C0149,estate_plan,True,2023-12-04,2026-08-21,False
PH1486,C0149,tax_wrapper_isa,True,2025-11-30,2026-11-24,False
PH1487,C0149,tax_wrapper_pension,False,,,False
PH1488,C0149,mortgage,True,2025-03-11,2026-05-07,False
PH1489,C0149,trust,True,2024-07-06,2025-12-03,False
PH1490,C0149,cash_savings,True,2025-04-01,2026-06-15,False
PH1491,C0150,equity_portfolio,True,2024-10-30,2026-09-26,False
PH1492,C0150,fixed_income,True,2021-05-28,2025-08-10,False
PH1493,C0150,insurance_life,False,,,True
PH1494,C0150,insurance_protection,False,,,False
PH1495,C0150,estate_plan,True,2024-11-07,2025-06-22,False
PH1496,C0150,tax_wrapper_isa,True,2024-07-16,2025-09-03,False
PH1497,C0150,tax_wrapper_pension,True,2021-10-01,2025-08-25,False
PH1498,C0150,mortgage,True,2026-03-23,2026-10-18,False
PH1499,C0150,trust,True,2021-05-08,2026-04-28,False
PH1500,C0150,cash_savings,True,2023-07-23,2026-07-22,False
